{
  "colors" : [
    {
      "color" : {
        "color-space" : "srgb",
        "components" : {
          "alpha" : "1.000",
          "blue" : "0x35",
          "green" : "0xF0",
          "red" : "0xFD"
        }
      },
      "idiom" : "universal"
    },
    {
      "color" : {
        "color-space" : "srgb",
        "components" : {
          "alpha" : "1.000",
          "blue" : "0.208",
          "green" : "0.941",
          "red" : "0.992"
        }
      },
      "idiom" : "iphone"
    }
  ],
  "info" : {
    "author" : "xcode",
    "version" : 1
  }
}
