{
  "images" : [
    {
      "filename" : "ic_ferrari.png",
      "idiom" : "universal",
      "scale" : "1x"
    },
    {
      "filename" : "ic_ferrari@2x.png",
      "idiom" : "universal",
      "scale" : "2x"
    },
    {
      "filename" : "ic_ferrari@3x.png",
      "idiom" : "universal",
      "scale" : "3x"
    },
    {
      "filename" : "ic_ferrari-1.png",
      "idiom" : "iphone",
      "scale" : "1x"
    },
    {
      "filename" : "ic_ferrari@2x-1.png",
      "idiom" : "iphone",
      "scale" : "2x"
    },
    {
      "filename" : "ic_ferrari@3x-1.png",
      "idiom" : "iphone",
      "scale" : "3x"
    },
    {
      "filename" : "ic_ferrari-2.png",
      "idiom" : "ipad",
      "scale" : "1x"
    },
    {
      "filename" : "ic_ferrari@2x-2.png",
      "idiom" : "ipad",
      "scale" : "2x"
    }
  ],
  "info" : {
    "author" : "xcode",
    "version" : 1
  }
}
