{
  "images" : [
    {
      "filename" : "road.png",
      "idiom" : "universal",
      "scale" : "1x"
    },
    {
      "filename" : "road@2x.png",
      "idiom" : "universal",
      "scale" : "2x"
    },
    {
      "filename" : "road@3x.png",
      "idiom" : "universal",
      "scale" : "3x"
    },
    {
      "filename" : "road-1.png",
      "idiom" : "iphone",
      "scale" : "1x"
    },
    {
      "filename" : "road@2x-1.png",
      "idiom" : "iphone",
      "scale" : "2x"
    },
    {
      "filename" : "road@3x-1.png",
      "idiom" : "iphone",
      "scale" : "3x"
    },
    {
      "filename" : "road-2.png",
      "idiom" : "ipad",
      "scale" : "1x"
    },
    {
      "filename" : "road@2x-2.png",
      "idiom" : "ipad",
      "scale" : "2x"
    }
  ],
  "info" : {
    "author" : "xcode",
    "version" : 1
  }
}
