{
  "images" : [
    {
      "filename" : "logo.png",
      "idiom" : "universal",
      "scale" : "1x"
    },
    {
      "filename" : "logo@2x.png",
      "idiom" : "universal",
      "scale" : "2x"
    },
    {
      "filename" : "logo@3x.png",
      "idiom" : "universal",
      "scale" : "3x"
    },
    {
      "filename" : "logo-2.png",
      "idiom" : "iphone",
      "scale" : "1x"
    },
    {
      "filename" : "logo@2x-2.png",
      "idiom" : "iphone",
      "scale" : "2x"
    },
    {
      "filename" : "logo@3x-1.png",
      "idiom" : "iphone",
      "scale" : "3x"
    },
    {
      "filename" : "logo-1.png",
      "idiom" : "ipad",
      "scale" : "1x"
    },
    {
      "filename" : "logo@2x-1.png",
      "idiom" : "ipad",
      "scale" : "2x"
    }
  ],
  "info" : {
    "author" : "xcode",
    "version" : 1
  }
}
